{
  "type": "linear_regression",
  "features": [
    "max_wind",
    "storm_surge",
    "track_distance",
    "forward_speed",
    "month"
  ],
  "coefficients": [
    0.11602923732165464,
    2.9807534764288066,
    0.12115515877193939,
    -1.3697924335177702,
    -2.14767957429235
  ],
  "intercept": 24.955412255375848,
  "r2": 0.640931888056552,
  "adj_r2": 0.4777191099004392,
  "mse": 60.960932716473714,
  "std_errors": [
    0.09011488616013673,
    1.7617114334110706,
    0.04692122590286601,
    0.44698636356523436,
    1.406363626000492
  ],
  "n_samples": 17
}